{"cameraMode":{"drawMode":0,"name":"Shaded","section":"Shading Mode"},"sceneLighting":false,"audioPlay":false,"sceneViewState":{"showFog":true,"showMaterialUpdate":false,"showSkybox":false,"showFlares":true,"showImageEffects":true,"showParticleSystems":true},"in2DMode":false,"pivot":{"x":-1.1167876720428467,"y":-0.4179302453994751,"z":0.11608344316482544},"rotation":{"x":0.2722993791103363,"y":0.1621250957250595,"z":-0.04660153388977051,"w":0.9473121762275696},"size":4.741161346435547,"orthographic":false}