{"cameraMode":{"drawMode":0,"name":"Shaded","section":"Shading Mode"},"sceneLighting":false,"audioPlay":false,"sceneViewState":{"showFog":true,"showMaterialUpdate":false,"showSkybox":false,"showFlares":true,"showImageEffects":true,"showParticleSystems":true},"in2DMode":false,"pivot":{"x":0.9739012718200684,"y":2.7551591396331789,"z":-3.374732494354248},"rotation":{"x":0.4478839039802551,"y":-0.004022751934826374,"z":0.0020156907849013807,"w":0.8940895199775696},"size":4.357883930206299,"orthographic":false}